<?xml version="1.0"?><SearchSuggestion version="2.0" xmlns="http://opensearch.org/searchsuggest2"><Query>www.google.c</Query><Section title="Google Suggestions"><Item><Text>www.google.com</Text><Image source="/images/cleardot.gif" alt="f" width="1" height="1" align="middle"/></Item><Item><Text>www.google.com search</Text><Image source="/images/cleardot.gif" alt="f" width="1" height="1" align="middle"/></Item><Item><Text>www.google.com chrome</Text><Image source="/images/cleardot.gif" alt="f" width="1" height="1" align="middle"/></Item><Item><Text>www.google.com search video</Text><Image source="/images/cleardot.gif" alt="f" width="1" height="1" align="middle"/></Item><Item><Text>www.google.com search gmail</Text><Image source="/images/cleardot.gif" alt="f" width="1" height="1" align="middle"/></Item><Item><Text>www.google.com/device</Text><Image source="/images/cleardot.gif" alt="f" width="1" height="1" align="middle"/></Item><Item><Text>www.google.com maps</Text><Image source="/images/cleardot.gif" alt="f" width="1" height="1" align="middle"/></Item><Item><Text>www.google.com/calendar</Text><Image source="/images/cleardot.gif" alt="f" width="1" height="1" align="middle"/></Item><Item><Text>www.google.com/voice</Text><Image source="/images/cleardot.gif" alt="f" width="1" height="1" align="middle"/></Item><Item><Text>www.google.com/docs</Text><Image source="/images/cleardot.gif" alt="f" width="1" height="1" align="middle"/></Item></Section></SearchSuggestion>