<?xml version="1.0"?><SearchSuggestion version="2.0" xmlns="http://opensearch.org/searchsuggest2"><Query>www.</Query><Section title="Google Suggestions"><Item><Text>www.dmv.ca.gov</Text><Image source="/images/cleardot.gif" alt="f" width="1" height="1" align="middle"/></Item><Item><Text>www.google.com</Text><Image source="/images/cleardot.gif" alt="f" width="1" height="1" align="middle"/></Item><Item><Text>www.facebook.com login</Text><Image source="/images/cleardot.gif" alt="f" width="1" height="1" align="middle"/></Item><Item><Text>www.amazon.com/mytv</Text><Image source="/images/cleardot.gif" alt="f" width="1" height="1" align="middle"/></Item><Item><Text>www.facebook.com</Text><Image source="/images/cleardot.gif" alt="f" width="1" height="1" align="middle"/></Item><Item><Text>www.wellsfargo.com login</Text><Image source="/images/cleardot.gif" alt="f" width="1" height="1" align="middle"/></Item><Item><Text>www.irs.gov refund</Text><Image source="/images/cleardot.gif" alt="f" width="1" height="1" align="middle"/></Item><Item><Text>www.yahoo.com</Text><Image source="/images/cleardot.gif" alt="f" width="1" height="1" align="middle"/></Item><Item><Text>www.amazon.com</Text><Image source="/images/cleardot.gif" alt="f" width="1" height="1" align="middle"/></Item><Item><Text>www.wellsfargo.com</Text><Image source="/images/cleardot.gif" alt="f" width="1" height="1" align="middle"/></Item></Section></SearchSuggestion>