<?xml version="1.0"?><SearchSuggestion version="2.0" xmlns="http://opensearch.org/searchsuggest2"><Query>www.goog</Query><Section title="Google Suggestions"><Item><Text>www.google.com</Text><Image source="/images/cleardot.gif" alt="f" width="1" height="1" align="middle"/></Item><Item><Text>www.google.com search</Text><Image source="/images/cleardot.gif" alt="f" width="1" height="1" align="middle"/></Item><Item><Text>www.google.com chrome</Text><Image source="/images/cleardot.gif" alt="f" width="1" height="1" align="middle"/></Item><Item><Text>www.google maps</Text><Image source="/images/cleardot.gif" alt="f" width="1" height="1" align="middle"/></Item><Item><Text>www.googleearth.com2018</Text><Image source="/images/cleardot.gif" alt="f" width="1" height="1" align="middle"/></Item><Item><Text>www.google search history</Text><Image source="/images/cleardot.gif" alt="f" width="1" height="1" align="middle"/></Item><Item><Text>www.google flights</Text><Image source="/images/cleardot.gif" alt="f" width="1" height="1" align="middle"/></Item><Item><Text>www.google.com search video</Text><Image source="/images/cleardot.gif" alt="f" width="1" height="1" align="middle"/></Item><Item><Text>classroom.google.com</Text><Image source="/images/cleardot.gif" alt="f" width="1" height="1" align="middle"/></Item><Item><Text>docs.google.com</Text><Image source="/images/cleardot.gif" alt="f" width="1" height="1" align="middle"/></Item></Section></SearchSuggestion>